{
    "loss": [
        2.025027275085449,
        1.6679154634475708,
        1.4329928159713745,
        1.2540339231491089,
        1.1895554065704346,
        1.0902317762374878,
        1.0264273881912231,
        0.9689264297485352,
        0.9308328032493591,
        0.8983364105224609,
        0.8669136166572571,
        0.8450903296470642,
        0.8364693522453308,
        0.8191413879394531,
        0.7990149259567261,
        0.7870696783065796,
        0.7732395529747009,
        0.7631605267524719,
        0.7602929472923279,
        0.7500802874565125,
        0.7421892285346985,
        0.7346677184104919,
        0.7300878167152405,
        0.7229508757591248,
        0.7175604104995728,
        0.7142040133476257,
        0.7077044248580933,
        0.7087781429290771,
        0.7032814621925354,
        0.7008680701255798,
        0.6927177906036377,
        0.6885242462158203,
        0.6901172399520874,
        0.6847812533378601,
        0.6818918585777283,
        0.6775362491607666,
        0.6266130208969116,
        0.6147772669792175,
        0.6081432700157166,
        0.605697512626648,
        0.6025590896606445,
        0.6014531254768372,
        0.5995969772338867,
        0.5958467125892639,
        0.5899683237075806,
        0.5888936519622803,
        0.5877620577812195,
        0.5876976847648621,
        0.5871296525001526
    ],
    "accuracy": [
        0.3007749915122986,
        0.4053399860858917,
        0.4855149984359741,
        0.5394700169563293,
        0.56045001745224,
        0.5911350250244141,
        0.611020028591156,
        0.631184995174408,
        0.6442949771881104,
        0.6552649736404419,
        0.6667400002479553,
        0.6751899719238281,
        0.6776450276374817,
        0.6834049820899963,
        0.6899399757385254,
        0.6937050223350525,
        0.6988149881362915,
        0.7031700015068054,
        0.704509973526001,
        0.7075250148773193,
        0.709945023059845,
        0.7120450139045715,
        0.7141849994659424,
        0.7164199948310852,
        0.7190849781036377,
        0.7196599841117859,
        0.7229049801826477,
        0.7226549983024597,
        0.7244849801063538,
        0.725570023059845,
        0.7281050086021423,
        0.7285500168800354,
        0.7291849851608276,
        0.7307400107383728,
        0.7317500114440918,
        0.7331349849700928,
        0.751550018787384,
        0.7562199831008911,
        0.7585049867630005,
        0.7594000101089478,
        0.7606300115585327,
        0.7604849934577942,
        0.7608150243759155,
        0.7624899744987488,
        0.764680027961731,
        0.7647799849510193,
        0.7654449939727783,
        0.765404999256134,
        0.7652300000190735
    ],
    "val_loss": [
        1.8277918100357056,
        1.5251315832138062,
        1.325768232345581,
        1.1225310564041138,
        1.168332576751709,
        0.9958240389823914,
        1.0897520780563354,
        1.0404438972473145,
        0.8997620940208435,
        0.8607556819915771,
        0.833244800567627,
        0.8114795684814453,
        0.7974042892456055,
        0.7825596928596497,
        0.7954946160316467,
        0.7701646685600281,
        0.7497020959854126,
        0.7727804780006409,
        0.7390192151069641,
        0.7424442172050476,
        0.7180033326148987,
        0.734382688999176,
        0.7154523730278015,
        0.7261176109313965,
        0.7393999695777893,
        0.7175113558769226,
        0.7058188319206238,
        0.7105279564857483,
        0.7319623231887817,
        0.7097477912902832,
        0.6955810189247131,
        0.6956751942634583,
        0.7014821171760559,
        0.7141602039337158,
        0.697890043258667,
        0.7014874219894409,
        0.6589386463165283,
        0.6590060591697693,
        0.6540679931640625,
        0.6600177884101868,
        0.6559722423553467,
        0.6569913029670715,
        0.6611251831054688,
        0.6667700409889221,
        0.6614372730255127,
        0.6630918383598328,
        0.6623369455337524,
        0.6638673543930054,
        0.6635031700134277
    ],
    "val_accuracy": [
        0.35749998688697815,
        0.45489999651908875,
        0.5184999704360962,
        0.5760999917984009,
        0.5698000192642212,
        0.6186000108718872,
        0.6001999974250793,
        0.6175000071525574,
        0.6524999737739563,
        0.6686000227928162,
        0.675000011920929,
        0.6833000183105469,
        0.6869999766349792,
        0.6992999911308289,
        0.6967999935150146,
        0.7009000182151794,
        0.7075999975204468,
        0.696399986743927,
        0.7116000056266785,
        0.7096999883651733,
        0.7172999978065491,
        0.7153000235557556,
        0.7243000268936157,
        0.7189000248908997,
        0.7117000222206116,
        0.7213000059127808,
        0.7236999869346619,
        0.7224000096321106,
        0.7190999984741211,
        0.7268000245094299,
        0.7286999821662903,
        0.7301999926567078,
        0.7275000214576721,
        0.72079998254776,
        0.7286999821662903,
        0.729200005531311,
        0.7454000115394592,
        0.7434999942779541,
        0.7462999820709229,
        0.7440000176429749,
        0.746999979019165,
        0.7455999851226807,
        0.7465999722480774,
        0.7455000281333923,
        0.7462999820709229,
        0.7458999752998352,
        0.7470999956130981,
        0.7459999918937683,
        0.7459999918937683
    ],
    "lr": [
        0.0010000000474974513,
        0.0010000000474974513,
        0.0010000000474974513,
        0.0010000000474974513,
        0.0010000000474974513,
        0.0010000000474974513,
        0.0010000000474974513,
        0.0010000000474974513,
        0.0010000000474974513,
        0.0010000000474974513,
        0.0010000000474974513,
        0.0010000000474974513,
        0.0010000000474974513,
        0.0010000000474974513,
        0.0010000000474974513,
        0.0010000000474974513,
        0.0010000000474974513,
        0.0010000000474974513,
        0.0010000000474974513,
        0.0010000000474974513,
        0.0010000000474974513,
        0.0010000000474974513,
        0.0010000000474974513,
        0.0010000000474974513,
        0.0010000000474974513,
        0.0010000000474974513,
        0.0010000000474974513,
        0.0010000000474974513,
        0.0010000000474974513,
        0.0010000000474974513,
        0.0010000000474974513,
        0.0010000000474974513,
        0.0010000000474974513,
        0.0010000000474974513,
        0.0010000000474974513,
        0.0010000000474974513,
        0.00010000000474974513,
        0.00010000000474974513,
        0.00010000000474974513,
        0.00010000000474974513,
        0.00010000000474974513,
        0.00010000000474974513,
        0.00010000000474974513,
        0.00010000000474974513,
        1.0000000656873453e-05,
        1.0000000656873453e-05,
        1.0000000656873453e-05,
        1.0000000656873453e-05,
        1.0000000656873453e-05
    ]
}